<metadata xml:lang="en"><Esri><CreaDate>20180206</CreaDate><CreaTime>16192100</CreaTime><ArcGISFormat>1.0</ArcGISFormat><ArcGISstyle>XTools Pro Metadata</ArcGISstyle><SyncOnce>TRUE</SyncOnce><ModDate>20180213</ModDate><ModTime>6504800</ModTime><scaleRange><minScale>150000000</minScale><maxScale>5000</maxScale></scaleRange><ArcGISProfile>FGDC</ArcGISProfile><DataProperties><itemProps><imsContentType export="False"/></itemProps></DataProperties></Esri><tool name="Centerline" displayname="1. Create a Centerline Feature Class" toolboxalias="GGLREM" xmlns=""><arcToolboxHelpPath>c:\program files (x86)\arcgis\desktop10.3\Help\gp</arcToolboxHelpPath><parameters><param name="WorkspaceLocation" displayname="Select Workspace Location" type="Required" direction="Input" datatype="Workspace" expression="WorkspaceLocation"><dialogReference>&lt;DIV STYLE="text-align:Left;"&gt;&lt;DIV&gt;&lt;P&gt;&lt;SPAN&gt;The location of the input files. All data should reside here. Output data, including temporary files, will also be written here.&lt;/SPAN&gt;&lt;/P&gt;&lt;/DIV&gt;&lt;/DIV&gt;</dialogReference></param><param name="CoordinateSystem" displayname="Match Coordinate System to LiDAR DEM" type="Required" direction="Input" datatype="Spatial Reference" expression="CoordinateSystem"><dialogReference>&lt;DIV STYLE="text-align:Left;"&gt;&lt;DIV&gt;&lt;DIV&gt;&lt;P&gt;&lt;SPAN&gt;Select the same coordinate system as the LiDAR DEM raster.&lt;/SPAN&gt;&lt;/P&gt;&lt;/DIV&gt;&lt;/DIV&gt;&lt;/DIV&gt;</dialogReference></param><param name="CenterlineName" displayname="Input Centerline Feature Class Name" type="Required" direction="Input" datatype="String" expression="CenterlineName"><dialogReference>&lt;DIV STYLE="text-align:Left;"&gt;&lt;DIV&gt;&lt;DIV&gt;&lt;P&gt;&lt;SPAN&gt;Name of the Centerline Feature Class. This name will be placed as the prefix for all outputs.&lt;/SPAN&gt;&lt;/P&gt;&lt;/DIV&gt;&lt;/DIV&gt;&lt;/DIV&gt;</dialogReference></param></parameters><summary>&lt;DIV STYLE="text-align:Left;"&gt;&lt;DIV&gt;&lt;DIV&gt;&lt;P&gt;&lt;SPAN&gt;Creates a polyline feature class for drawing centerlines for evalutation.&lt;/SPAN&gt;&lt;/P&gt;&lt;/DIV&gt;&lt;/DIV&gt;&lt;/DIV&gt;</summary><usage>&lt;DIV STYLE="text-align:Left;"&gt;&lt;DIV&gt;&lt;DIV&gt;&lt;P&gt;&lt;SPAN&gt;Start an edit session and draw a continuous line through the center of the valley bottom. Make sure to fill in the "NAME" field for each drawn centerline.&lt;/SPAN&gt;&lt;/P&gt;&lt;/DIV&gt;&lt;/DIV&gt;&lt;/DIV&gt;</usage></tool><dataIdInfo><idCitation xmlns=""><resTitle>1. Create a Centerline Feature Class</resTitle></idCitation><dataChar><CharSetCd value="004"/></dataChar><idAbs>&lt;DIV STYLE="text-align:Left;"&gt;&lt;DIV&gt;&lt;DIV&gt;&lt;P&gt;&lt;SPAN&gt;Creates a polyline feature class for drawing centerlines for evalutation.&lt;/SPAN&gt;&lt;/P&gt;&lt;/DIV&gt;&lt;/DIV&gt;&lt;/DIV&gt;</idAbs><searchKeys><keyword>Centerline</keyword></searchKeys></dataIdInfo><distInfo xmlns=""><distributor xmlns=""><distorFormat><formatName>ArcToolbox Tool</formatName></distorFormat></distributor></distInfo><mdHrLv><ScopeCd value="005"/></mdHrLv><mdChar><CharSetCd value="004"/></mdChar><eainfo><detailed xmlns=""><enttyp><enttypt>Centerline</enttypt></enttyp></detailed></eainfo></metadata>
