<?xml version="1.0"?>
<metadata xml:lang="en"><Esri><CreaDate>20180206</CreaDate><CreaTime>16184100</CreaTime><ArcGISFormat>1.0</ArcGISFormat><ArcGISstyle>XTools Pro Metadata</ArcGISstyle><SyncOnce>TRUE</SyncOnce><ModDate>20180321</ModDate><ModTime>074417</ModTime><scaleRange><minScale>50000</minScale><maxScale>5000</maxScale></scaleRange><DataProperties><itemProps><imsContentType export="False"/></itemProps></DataProperties><ArcGISProfile>FGDC</ArcGISProfile></Esri><toolbox name="GGL Toolbox" alias="GGLREM"><arcToolboxHelpPath>c:\program files (x86)\arcgis\desktop10.3\Help\gp</arcToolboxHelpPath><toolsets/></toolbox><dataIdInfo><idCitation xmlns=""><resTitle>GGL Toolbox</resTitle><citRespParty xmlns=""><rpIndName>Matt Helstab</rpIndName><rpOrgName>USFS</rpOrgName><rpPosName>Fish Biologist</rpPosName><role><RoleCd value="011"/></role></citRespParty><resAltTitle>Geomorphic Grade Line Model</resAltTitle></idCitation><idAbs>&lt;DIV STYLE="text-align:Left;"&gt;&lt;DIV&gt;&lt;DIV&gt;&lt;P&gt;&lt;SPAN&gt;Tool 1. Creates a Polyline Feature Class needed to draw the valley Centerline.&lt;/SPAN&gt;&lt;/P&gt;&lt;P&gt;&lt;SPAN&gt;Tool 2. Creates a Cross Section Feature Class at a user defined interval and width.&lt;/SPAN&gt;&lt;/P&gt;&lt;P&gt;&lt;SPAN&gt;Tool 3. Creates Centerline Stations Point Feature Class and a Centerline Profile Table. The user must then evalute the trendline of best fit for the centeline profile and construct a Geomorphic Grade Line (GGL) table with newly calculated elevations along the centerline.&lt;/SPAN&gt;&lt;/P&gt;&lt;P&gt;&lt;SPAN&gt;Tool 4. Joins the GGL Table's calculated elvation field to the Cross Section Feature Class from Tool 2 and constructs the final Relative Elevation Model raster. &lt;/SPAN&gt;&lt;/P&gt;&lt;/DIV&gt;&lt;/DIV&gt;&lt;/DIV&gt;</idAbs><searchKeys><keyword>REM</keyword><keyword>GGL</keyword><keyword>Relative Elevation</keyword><keyword>Restoration</keyword><keyword>Stage 0</keyword><keyword>Geomorphology</keyword></searchKeys><dataLang><languageCode value="eng"/></dataLang><dataChar><CharSetCd value="004"/></dataChar><idStatus><ProgCd value="007"/></idStatus><idPurp>A sequence of tools to build a Relative Elevation Model (REM) based on the valley centerline slope, or Geomorphic Grade Line (GGL). This tool enables river restoration practitioners to evaluate the connectedness of a stream with its floodplain and determine design grade cutt and fill estimates necessary to reconnect surfaces. </idPurp><idCredit>Helstab, Matt</idCredit></dataIdInfo><distInfo xmlns=""><distributor xmlns=""><distorFormat xmlns=""><formatName>ArcToolbox Toolbox</formatName></distorFormat></distributor></distInfo><mdHrLv><ScopeCd value="005"/></mdHrLv><mdChar><CharSetCd value="004"/></mdChar></metadata>
