<metadata xml:lang="en"><Esri><CreaDate>20180206</CreaDate><CreaTime>16192100</CreaTime><ArcGISFormat>1.0</ArcGISFormat><ArcGISstyle>XTools Pro Metadata</ArcGISstyle><SyncOnce>TRUE</SyncOnce><ModDate>20180213</ModDate><ModTime>6562500</ModTime><scaleRange><minScale>150000000</minScale><maxScale>5000</maxScale></scaleRange><ArcGISProfile>FGDC</ArcGISProfile></Esri><tool name="CrossSections" displayname="2. Create Cross Sections" toolboxalias="GGLREM" xmlns=""><arcToolboxHelpPath>c:\program files (x86)\arcgis\desktop10.3\Help\gp</arcToolboxHelpPath><parameters><param name="InputCenterline" displayname="Input Centerline Feature Class" type="Required" direction="Input" datatype="Feature Layer or Feature Class or Shapefile" expression="InputCenterline"><dialogReference>&lt;DIV STYLE="text-align:Left;"&gt;&lt;DIV&gt;&lt;DIV&gt;&lt;P&gt;&lt;SPAN&gt;Select a Centerline Feature Class. Make sure there is an entered value (name/number) in the ROUTEID Field. &lt;/SPAN&gt;&lt;/P&gt;&lt;/DIV&gt;&lt;/DIV&gt;&lt;/DIV&gt;</dialogReference></param><param name="RouteName" displayname="Select Centerline Route Field" type="Required" direction="Input" datatype="Field" expression="RouteName"><dialogReference>&lt;DIV STYLE="text-align:Left;"&gt;&lt;DIV&gt;&lt;DIV&gt;&lt;P&gt;&lt;SPAN&gt;Choose Route Identificaiton Field (e.g. "NAME").&lt;/SPAN&gt;&lt;/P&gt;&lt;/DIV&gt;&lt;/DIV&gt;&lt;/DIV&gt;</dialogReference></param><param name="RouteID" displayname="Select Centerline Route ID" type="Required" direction="Input" datatype="String" expression="RouteID"><dialogReference>&lt;DIV STYLE="text-align:Left;"&gt;&lt;P&gt;&lt;SPAN&gt;Select the Route ID to elavulate. (e.g. "1")&lt;/SPAN&gt;&lt;/P&gt;&lt;/DIV&gt;</dialogReference></param><param name="OffsetLeft" displayname="Input Offset Left" type="Required" direction="Input" datatype="Long" expression="OffsetLeft"><dialogReference>&lt;DIV STYLE="text-align:Left;"&gt;&lt;DIV&gt;&lt;DIV&gt;&lt;P&gt;&lt;SPAN&gt;Choose an offset that will extend beyond the valley toe slope.&lt;/SPAN&gt;&lt;/P&gt;&lt;/DIV&gt;&lt;/DIV&gt;&lt;/DIV&gt;</dialogReference></param><param name="OffsetRight" displayname="Input Offset Right" type="Required" direction="Input" datatype="Long" expression="OffsetRight"><dialogReference>&lt;DIV STYLE="text-align:Left;"&gt;&lt;DIV&gt;&lt;DIV&gt;&lt;P&gt;&lt;SPAN&gt;Choose an offset that will extend beyong the valley toe slope.&lt;/SPAN&gt;&lt;/P&gt;&lt;/DIV&gt;&lt;/DIV&gt;&lt;/DIV&gt;</dialogReference></param><param name="DrawDirection" displayname="Select Direction to Start Stationing From" type="Required" direction="Input" datatype="String" expression="UPPER_LEFT | UPPER_RIGHT | LOWER_LEFT | LOWER_RIGHT"><dialogReference>&lt;DIV STYLE="text-align:Left;"&gt;&lt;DIV&gt;&lt;DIV&gt;&lt;P&gt;&lt;SPAN&gt;Select the preferred starting location to begin stationing (moving upstream or downstream). &lt;/SPAN&gt;&lt;/P&gt;&lt;/DIV&gt;&lt;/DIV&gt;&lt;/DIV&gt;</dialogReference></param></parameters><summary>&lt;DIV STYLE="text-align:Left;"&gt;&lt;DIV&gt;&lt;DIV&gt;&lt;P&gt;&lt;SPAN&gt;Creates a polyline feature class of cross sections at a user defined width and interval along a polyline&lt;/SPAN&gt;&lt;/P&gt;&lt;/DIV&gt;&lt;/DIV&gt;&lt;/DIV&gt;</summary></tool><dataIdInfo><idCitation><resTitle>2. Create Cross Sections</resTitle></idCitation><idAbs>&lt;DIV STYLE="text-align:Left;"&gt;&lt;DIV&gt;&lt;DIV&gt;&lt;P&gt;&lt;SPAN&gt;Creates a polyline feature class of cross sections at a user defined width and interval along a polyline&lt;/SPAN&gt;&lt;/P&gt;&lt;/DIV&gt;&lt;/DIV&gt;&lt;/DIV&gt;</idAbs></dataIdInfo><distInfo><distributor><distorFormat><formatName>ArcToolbox Tool</formatName></distorFormat></distributor></distInfo><mdHrLv><ScopeCd value="005"/></mdHrLv></metadata>
