<metadata xml:lang="en"><Esri><CreaDate>20180801</CreaDate><CreaTime>08585700</CreaTime><ArcGISFormat>1.0</ArcGISFormat><ArcGISstyle>XTools Pro Metadata</ArcGISstyle><SyncOnce>TRUE</SyncOnce><ModDate>20180801</ModDate><ModTime>12034900</ModTime><scaleRange><minScale>150000000</minScale><maxScale>5000</maxScale></scaleRange><ArcGISProfile>ItemDescription</ArcGISProfile></Esri><tool name="Centerline" displayname="1. Create a Centerline Feature Class" toolboxalias="GGLREM" xmlns=""><arcToolboxHelpPath>c:\program files (x86)\arcgis\desktop10.5\Help\gp</arcToolboxHelpPath><parameters><param name="WorkspaceLocation" displayname="Select Workspace Location" type="Required" direction="Input" datatype="Workspace" expression="WorkspaceLocation"><dialogReference>&lt;DIV STYLE="text-align:Left;"&gt;&lt;DIV&gt;&lt;P&gt;&lt;SPAN&gt;Define the project workspace location.&lt;/SPAN&gt;&lt;/P&gt;&lt;/DIV&gt;&lt;/DIV&gt;</dialogReference></param><param name="geoLocation" displayname="Select Project Geodatabase" type="Required" direction="Input" datatype="Workspace" expression="geoLocation"><dialogReference>&lt;DIV STYLE="text-align:Left;"&gt;&lt;DIV&gt;&lt;P&gt;&lt;SPAN&gt;Define Project Geodatabase to house GGLREM products.	&lt;/SPAN&gt;&lt;/P&gt;&lt;/DIV&gt;&lt;/DIV&gt;</dialogReference></param><param name="CoordinateSystem" displayname="Match Coordinate System to LiDAR DEM" type="Required" direction="Input" datatype="Spatial Reference" expression="CoordinateSystem"><dialogReference>&lt;DIV STYLE="text-align:Left;"&gt;&lt;DIV&gt;&lt;P&gt;&lt;SPAN&gt;Match the coordinate system of your LiDAR data with your output Feature Classes&lt;/SPAN&gt;&lt;/P&gt;&lt;/DIV&gt;&lt;/DIV&gt;</dialogReference></param><param name="CenterlineName" displayname="Output Centerline Feature Class Name" type="Required" direction="Output" datatype="String" expression="CenterlineName"><dialogReference>&lt;DIV STYLE="text-align:Left;"&gt;&lt;DIV&gt;&lt;P&gt;&lt;SPAN&gt;Create your Valley Centerline Ploygon Feature Class. &lt;/SPAN&gt;&lt;/P&gt;&lt;/DIV&gt;&lt;/DIV&gt;</dialogReference></param></parameters><summary>&lt;DIV STYLE="text-align:Left;"&gt;&lt;DIV&gt;&lt;P&gt;&lt;SPAN&gt;Define the workspace location, project geodatabase, LiDAR  coordinate system, and create a Centerline Feature Class. &lt;/SPAN&gt;&lt;/P&gt;&lt;/DIV&gt;&lt;/DIV&gt;</summary></tool><dataIdInfo><idCitation><resTitle>1. Create a Centerline Feature Class</resTitle></idCitation><idAbs>&lt;DIV STYLE="text-align:Left;"&gt;&lt;DIV&gt;&lt;P&gt;&lt;SPAN&gt;Define the workspace location, project geodatabase, LiDAR  coordinate system, and create a Centerline Feature Class. &lt;/SPAN&gt;&lt;/P&gt;&lt;/DIV&gt;&lt;/DIV&gt;</idAbs><searchKeys><keyword>Centerline</keyword></searchKeys></dataIdInfo><distInfo><distributor><distorFormat><formatName>ArcToolbox Tool</formatName></distorFormat></distributor></distInfo><mdHrLv><ScopeCd value="005"></ScopeCd></mdHrLv></metadata>
