<metadata xml:lang="en"><Esri><CreaDate>20180801</CreaDate><CreaTime>08585700</CreaTime><ArcGISFormat>1.0</ArcGISFormat><ArcGISstyle>XTools Pro Metadata</ArcGISstyle><SyncOnce>TRUE</SyncOnce><ModDate>20180801</ModDate><ModTime>12192600</ModTime><scaleRange><minScale>150000000</minScale><maxScale>5000</maxScale></scaleRange><ArcGISProfile>ItemDescription</ArcGISProfile></Esri><tool name="REM" displayname="4. Create Relative Elevation Model" toolboxalias="GGLREM" xmlns=""><arcToolboxHelpPath>c:\program files (x86)\arcgis\desktop10.5\Help\gp</arcToolboxHelpPath><parameters><param name="InputCrossSections" displayname="Input Cross Section Feature Class" type="Required" direction="Input" datatype="Feature Layer or Feature Class" expression="InputCrossSections"><dialogReference>&lt;DIV STYLE="text-align:Left;"&gt;&lt;DIV&gt;&lt;P&gt;&lt;SPAN&gt;Select Cross Section polylines created in Step #2.&lt;/SPAN&gt;&lt;/P&gt;&lt;/DIV&gt;&lt;/DIV&gt;</dialogReference></param><param name="GglList" displayname="Select Values/Model to Construct Relative Eleavtion Model" type="Required" direction="Input" datatype="Multiple Value" expression="Custom | LiDAR | Linear Model | Polynomial 2nd | Polynomial 3rd | Polynomial 4th | Polynomial 5th"><dialogReference>&lt;DIV STYLE="text-align:Left;"&gt;&lt;DIV&gt;&lt;P&gt;&lt;SPAN&gt;Select Model(s) to detrend.&lt;/SPAN&gt;&lt;/P&gt;&lt;/DIV&gt;&lt;/DIV&gt;</dialogReference></param><param name="CustomGglTable" displayname="Input Custom GGL Table" type="Optional" direction="Input" datatype="Table" expression="{CustomGglTable}"><dialogReference>&lt;DIV STYLE="text-align:Left;"&gt;&lt;DIV&gt;&lt;DIV&gt;&lt;P&gt;&lt;SPAN&gt;Select cutom Geomorphic Grade Line (GGL) table. &lt;/SPAN&gt;&lt;/P&gt;&lt;/DIV&gt;&lt;/DIV&gt;&lt;/DIV&gt;</dialogReference></param><param name="CustomGglField" displayname="Select Field with GGL Values for Detrending" type="Optional" direction="Input" datatype="Field" expression="{CustomGglField}"><dialogReference>&lt;DIV STYLE="text-align:Left;"&gt;&lt;DIV&gt;&lt;DIV&gt;&lt;P&gt;&lt;SPAN&gt;Select column with elevation values to detrend to.&lt;/SPAN&gt;&lt;/P&gt;&lt;/DIV&gt;&lt;/DIV&gt;&lt;/DIV&gt;</dialogReference></param><param name="InputLidar" displayname="Input LiDAR DEM" type="Required" direction="Input" datatype="Raster Layer or Raster Dataset or Raster Catalog" expression="InputLidar"><dialogReference>&lt;DIV STYLE="text-align:Left;"&gt;&lt;DIV&gt;&lt;DIV&gt;&lt;P&gt;&lt;SPAN&gt;Select Digital Elevation Model &lt;/SPAN&gt;&lt;/P&gt;&lt;/DIV&gt;&lt;/DIV&gt;&lt;/DIV&gt;</dialogReference></param><param name="OutputREM" displayname="Output Relative Elevation Model(s)" type="Optional" direction="Input" datatype="Multiple Value" expression="{Integer_Meters | Integer_Decimeters | Integer_Feet}"><dialogReference>&lt;DIV STYLE="text-align:Left;"&gt;&lt;DIV&gt;&lt;P&gt;&lt;SPAN&gt;Choose additional output Relative Elevation Model(s).&lt;/SPAN&gt;&lt;/P&gt;&lt;/DIV&gt;&lt;/DIV&gt;</dialogReference></param></parameters><summary>&lt;DIV STYLE="text-align:Left;"&gt;&lt;DIV&gt;&lt;DIV&gt;&lt;P&gt;&lt;SPAN&gt;Produce detrended Relative Elevation Model(s) REM for choosen Geomorphic Grade Line (GGL) model.&lt;/SPAN&gt;&lt;/P&gt;&lt;/DIV&gt;&lt;/DIV&gt;&lt;/DIV&gt;</summary></tool><dataIdInfo><idCitation><resTitle>4. Create Relative Elevation Model</resTitle></idCitation><idAbs>&lt;DIV STYLE="text-align:Left;"&gt;&lt;DIV&gt;&lt;DIV&gt;&lt;P&gt;&lt;SPAN&gt;Produce detrended Relative Elevation Model(s) REM for choosen Geomorphic Grade Line (GGL) model.&lt;/SPAN&gt;&lt;/P&gt;&lt;/DIV&gt;&lt;/DIV&gt;&lt;/DIV&gt;</idAbs><searchKeys><keyword>GGLREM</keyword><keyword>REM</keyword></searchKeys></dataIdInfo><distInfo><distributor><distorFormat><formatName>ArcToolbox Tool</formatName></distorFormat></distributor></distInfo><mdHrLv><ScopeCd value="005"/></mdHrLv></metadata>
