<metadata xml:lang="en"><Esri><CreaDate>20180801</CreaDate><CreaTime>08585700</CreaTime><ArcGISFormat>1.0</ArcGISFormat><ArcGISstyle>XTools Pro Metadata</ArcGISstyle><SyncOnce>TRUE</SyncOnce><ModDate>20180801</ModDate><ModTime>12071700</ModTime><scaleRange><minScale>150000000</minScale><maxScale>5000</maxScale></scaleRange><ArcGISProfile>ItemDescription</ArcGISProfile></Esri><tool name="CrossSections" displayname="2. Create Cross Sections" toolboxalias="GGLREM" xmlns=""><arcToolboxHelpPath>c:\program files (x86)\arcgis\desktop10.5\Help\gp</arcToolboxHelpPath><parameters><param name="InputCenterline" displayname="Input Centerline Feature Class" type="Required" direction="Input" datatype="Feature Layer or Feature Class or Shapefile" expression="InputCenterline"/><param name="RouteName" displayname="Select Centerline Route Field" type="Required" direction="Input" datatype="Field" expression="RouteName"><dialogReference>&lt;DIV STYLE="text-align:Left;"&gt;&lt;DIV&gt;&lt;P&gt;&lt;SPAN&gt;Select your "Route Field" from the Centerline Polyline.&lt;/SPAN&gt;&lt;/P&gt;&lt;/DIV&gt;&lt;/DIV&gt;</dialogReference></param><param name="RouteID" displayname="Select Centerline Route ID" type="Required" direction="Input" datatype="String" expression="RouteID"><dialogReference>&lt;DIV STYLE="text-align:Left;"&gt;&lt;DIV&gt;&lt;P&gt;&lt;SPAN&gt;Select your "Route ID" from your Route Field.&lt;/SPAN&gt;&lt;/P&gt;&lt;/DIV&gt;&lt;/DIV&gt;</dialogReference></param><param name="OffsetLeft" displayname="Input Offset Distance From Left of Centerline" type="Required" direction="Input" datatype="Long" expression="OffsetLeft"><dialogReference>&lt;DIV STYLE="text-align:Left;"&gt;&lt;DIV&gt;&lt;P&gt;&lt;SPAN&gt;Set your Offset Distance from the Centerline polyline.&lt;/SPAN&gt;&lt;/P&gt;&lt;/DIV&gt;&lt;/DIV&gt;</dialogReference></param><param name="OffsetRight" displayname="Input Offset Distance From Right of Centerline" type="Required" direction="Input" datatype="Long" expression="OffsetRight"><dialogReference>&lt;DIV STYLE="text-align:Left;"&gt;&lt;DIV&gt;&lt;P&gt;&lt;SPAN&gt;Set your Offset Distance from the Centerline polyline.&lt;/SPAN&gt;&lt;/P&gt;&lt;/DIV&gt;&lt;/DIV&gt;</dialogReference></param><param name="DrawDirection" displayname="Select Direction to Start Stationing From" type="Required" direction="Input" datatype="String" expression="UPPER_LEFT | UPPER_RIGHT | LOWER_LEFT | LOWER_RIGHT"><dialogReference>&lt;DIV STYLE="text-align:Left;"&gt;&lt;DIV&gt;&lt;P&gt;&lt;SPAN&gt;Choose the direction that the Cross SEction polylines with originate from. &lt;/SPAN&gt;&lt;/P&gt;&lt;/DIV&gt;&lt;/DIV&gt;</dialogReference></param></parameters><summary>&lt;DIV STYLE="text-align:Left;"&gt;&lt;DIV&gt;&lt;P&gt;&lt;SPAN&gt;Define your Cross Section Polyline Feature Class widths.&lt;/SPAN&gt;&lt;/P&gt;&lt;/DIV&gt;&lt;/DIV&gt;</summary></tool><dataIdInfo><idCitation><resTitle>2. Create Cross Sections</resTitle></idCitation><idAbs>&lt;DIV STYLE="text-align:Left;"&gt;&lt;DIV&gt;&lt;P&gt;&lt;SPAN&gt;Define your Cross Section Polyline Feature Class widths.&lt;/SPAN&gt;&lt;/P&gt;&lt;/DIV&gt;&lt;/DIV&gt;</idAbs><searchKeys><keyword>Cross Section</keyword></searchKeys></dataIdInfo><distInfo><distributor><distorFormat><formatName>ArcToolbox Tool</formatName></distorFormat></distributor></distInfo><mdHrLv><ScopeCd value="005"></ScopeCd></mdHrLv></metadata>
