<metadata xml:lang="en"><Esri><CreaDate>20180801</CreaDate><CreaTime>08585700</CreaTime><ArcGISFormat>1.0</ArcGISFormat><ArcGISstyle>XTools Pro Metadata</ArcGISstyle><SyncOnce>TRUE</SyncOnce><ModDate>20180801</ModDate><ModTime>12132600</ModTime><scaleRange><minScale>150000000</minScale><maxScale>5000</maxScale></scaleRange><ArcGISProfile>ItemDescription</ArcGISProfile></Esri><tool name="CenterlineStations" displayname="3. Create Centerline Stations and Table" toolboxalias="GGLREM" xmlns=""><arcToolboxHelpPath>c:\program files (x86)\arcgis\desktop10.5\Help\gp</arcToolboxHelpPath><parameters><param name="InputCenterlineRouted" displayname="Input Routed Centerline Feature Class" type="Required" direction="Input" datatype="Feature Layer or Feature Class" expression="InputCenterlineRouted"><dialogReference>&lt;DIV STYLE="text-align:Left;"&gt;&lt;DIV&gt;&lt;P&gt;&lt;SPAN&gt;Input the Routed Centerline created in Step #2.&lt;/SPAN&gt;&lt;/P&gt;&lt;/DIV&gt;&lt;/DIV&gt;</dialogReference></param><param name="RouteID" displayname="Select Centerline Route ID" type="Required" direction="Input" datatype="String" expression="RouteID"><dialogReference>&lt;DIV STYLE="text-align:Left;"&gt;&lt;DIV&gt;&lt;P&gt;&lt;SPAN&gt;Select Route ID from Route Field.&lt;/SPAN&gt;&lt;/P&gt;&lt;/DIV&gt;&lt;/DIV&gt;</dialogReference></param><param name="InputCrossSection" displayname="Input Cross Section Feature Class" type="Required" direction="Input" datatype="Feature Layer or Feature Class" expression="InputCrossSection"><dialogReference>&lt;DIV STYLE="text-align:Left;"&gt;&lt;DIV&gt;&lt;P&gt;&lt;SPAN&gt;Select Cross Section polyline created in Step #2.&lt;/SPAN&gt;&lt;/P&gt;&lt;/DIV&gt;&lt;/DIV&gt;</dialogReference></param><param name="buffer" displayname="Input Centerline Buffer Distance" type="Required" direction="Input" datatype="Long" expression="buffer"><dialogReference>&lt;DIV STYLE="text-align:Left;"&gt;&lt;DIV&gt;&lt;P&gt;&lt;SPAN&gt;Define buffer width around the Centerline polyline used to evaluate the fitting of the Geomorphic Grade Line.&lt;/SPAN&gt;&lt;/P&gt;&lt;/DIV&gt;&lt;/DIV&gt;</dialogReference></param><param name="InputLidar" displayname="Input LiDAR Digital Elevation Model" type="Required" direction="Input" datatype="Raster Layer or Layer or Mosaic Dataset or Mosaic Layer or Raster Dataset or Raster Data Layer" expression="InputLidar"><dialogReference>&lt;DIV STYLE="text-align:Left;"&gt;&lt;DIV&gt;&lt;P&gt;&lt;SPAN&gt;Select the Digital Elevation Model with elevation values. &lt;/SPAN&gt;&lt;/P&gt;&lt;/DIV&gt;&lt;/DIV&gt;</dialogReference></param></parameters><summary>&lt;DIV STYLE="text-align:Left;"&gt;&lt;DIV&gt;&lt;P&gt;&lt;SPAN&gt;Choose a Centerline buffer width to evaluate the &lt;/SPAN&gt;&lt;/P&gt;&lt;/DIV&gt;&lt;/DIV&gt;</summary></tool><dataIdInfo><idCitation><resTitle>3. Create and Evaluate the Geomorphic Grade Line </resTitle></idCitation><idAbs>&lt;DIV STYLE="text-align:Left;"&gt;&lt;DIV&gt;&lt;P&gt;&lt;SPAN&gt;Choose a Centerline buffer width to evaluate the &lt;/SPAN&gt;&lt;/P&gt;&lt;/DIV&gt;&lt;/DIV&gt;</idAbs><searchKeys><keyword>GGL</keyword></searchKeys></dataIdInfo><distInfo><distributor><distorFormat><formatName>ArcToolbox Tool</formatName></distorFormat></distributor></distInfo><mdHrLv><ScopeCd value="005"></ScopeCd></mdHrLv></metadata>
